期別,開獎日期,號碼1,號碼2,號碼3,號碼4,號碼5,號碼6,特別號
102000001,2013-01-01,3,4,22,32,33,49,21
102000002,2013-01-04,1,7,24,31,35,47,21
102000003,2013-01-08,5,6,14,19,27,33,31
102000004,2013-01-11,1,10,24,33,44,48,37
102000005,2013-01-15,2,8,32,34,44,46,14
102000006,2013-01-18,22,27,30,33,37,46,24
102000007,2013-01-22,2,14,23,25,31,47,48
102000008,2013-01-25,2,4,11,18,48,49,38
102000009,2013-01-29,3,7,31,32,34,43,41
102000010,2013-02-01,1,26,28,37,39,46,3
102000011,2013-02-05,8,15,19,25,30,38,6
102000012,2013-02-08,4,11,22,26,38,47,13
102000013,2013-02-09,5,11,17,22,30,34,10
102000014,2013-02-10,9,10,12,21,31,35,19
102000015,2013-02-11,6,16,40,45,46,48,31
102000016,2013-02-12,3,13,19,24,27,38,40
102000017,2013-02-15,2,8,17,30,34,40,26
102000018,2013-02-19,7,23,24,28,32,40,8
102000019,2013-02-22,7,9,17,25,28,35,36
102000020,2013-02-26,8,15,21,30,36,39,17
102000021,2013-03-01,1,26,34,35,36,37,7
102000022,2013-03-05,5,24,30,35,36,38,11
102000023,2013-03-08,12,13,16,29,44,45,30
102000024,2013-03-12,16,20,35,46,47,49,31
102000025,2013-03-15,5,13,23,37,43,44,26
102000026,2013-03-19,1,12,25,37,39,40,18
102000027,2013-03-22,5,7,13,23,24,30,1
102000028,2013-03-26,1,9,20,28,39,42,47
102000029,2013-03-29,2,3,8,15,24,46,36
102000030,2013-04-02,11,15,20,23,26,35,31
102000031,2013-04-05,4,7,13,17,21,35,33
102000032,2013-04-09,7,16,35,45,47,48,39
102000033,2013-04-12,1,3,18,22,29,32,21
102000034,2013-04-16,6,18,40,43,45,48,24
102000035,2013-04-19,3,36,37,40,42,48,17
102000036,2013-04-23,12,15,29,31,36,45,40
102000037,2013-04-26,15,17,19,30,40,47,25
102000038,2013-04-30,10,30,32,37,46,47,16
102000039,2013-05-03,1,4,8,22,32,45,2
102000040,2013-05-07,9,11,14,25,33,35,2
102000041,2013-05-10,2,17,25,32,39,43,34
102000042,2013-05-14,1,6,7,27,30,39,21
102000043,2013-05-17,5,10,16,22,23,24,31
102000044,2013-05-21,24,29,35,39,42,49,48
102000045,2013-05-24,10,27,28,31,37,41,34
102000046,2013-05-28,7,10,16,17,30,43,23
102000047,2013-05-31,3,6,10,33,39,44,37
102000048,2013-06-04,14,19,34,43,46,47,42
102000049,2013-06-07,3,14,29,33,39,48,22
102000050,2013-06-11,16,20,34,42,46,49,4
102000051,2013-06-14,4,16,22,32,35,47,43
102000052,2013-06-18,4,11,25,36,41,43,27
102000053,2013-06-21,10,29,35,39,41,44,7
102000054,2013-06-25,7,18,26,28,34,38,5
102000055,2013-06-28,22,26,31,42,44,49,29
102000056,2013-07-02,1,5,18,21,40,44,22
102000057,2013-07-05,11,14,28,39,40,45,42
102000058,2013-07-09,19,24,28,29,41,43,37
102000059,2013-07-12,15,24,29,34,47,48,31
102000060,2013-07-16,10,13,16,29,31,37,32
102000061,2013-07-19,3,5,9,15,30,49,48
102000062,2013-07-23,4,17,24,27,35,49,39
102000063,2013-07-26,8,17,21,34,39,45,44
102000064,2013-07-30,6,15,16,22,43,45,48
102000065,2013-08-02,7,27,43,44,45,46,35
102000066,2013-08-06,1,4,17,27,32,48,6
102000067,2013-08-09,3,4,12,13,24,30,9
102000068,2013-08-13,12,14,16,34,37,48,7
102000069,2013-08-16,4,17,24,27,29,40,9
102000070,2013-08-20,5,7,16,28,31,49,34
102000071,2013-08-23,5,11,12,14,31,35,26
102000072,2013-08-27,5,8,11,14,15,36,46
102000073,2013-08-30,2,21,24,27,36,46,5
102000074,2013-09-03,11,13,22,29,39,48,45
102000075,2013-09-06,6,7,14,33,36,48,18
102000076,2013-09-10,1,10,14,34,42,47,9
102000077,2013-09-13,12,16,26,27,28,45,6
102000078,2013-09-17,1,8,17,19,40,46,15
102000079,2013-09-20,6,12,19,28,39,47,36
102000080,2013-09-24,7,9,15,23,34,35,41
102000081,2013-09-27,1,12,18,19,38,46,2
102000082,2013-10-01,1,4,14,17,23,46,41
102000083,2013-10-04,7,12,18,25,28,48,46
102000084,2013-10-08,4,6,7,11,26,31,38
102000085,2013-10-11,2,10,32,37,46,49,28
102000086,2013-10-15,8,13,16,20,22,28,49
102000087,2013-10-18,9,11,17,39,40,43,46
102000088,2013-10-22,7,8,16,23,32,39,22
102000089,2013-10-25,3,8,10,11,35,36,39
102000090,2013-10-29,1,4,21,30,39,42,44
102000091,2013-11-01,6,16,26,31,36,46,9
102000092,2013-11-05,3,12,27,29,37,46,17
102000093,2013-11-08,1,3,28,30,33,39,34
102000094,2013-11-12,3,12,22,23,29,46,33
102000095,2013-11-15,2,4,18,31,36,43,8
102000096,2013-11-19,15,16,33,35,36,46,21
102000097,2013-11-22,8,9,11,24,40,47,33
102000098,2013-11-26,1,10,11,15,20,21,26
102000099,2013-11-29,2,8,13,19,30,31,20
102000100,2013-12-03,8,10,17,38,44,49,40
102000101,2013-12-06,4,6,8,10,15,36,13
102000102,2013-12-10,6,11,27,34,42,49,21
102000103,2013-12-13,10,16,26,28,41,48,42
102000104,2013-12-17,1,4,9,14,22,28,20
102000105,2013-12-20,8,9,14,17,25,45,27
102000106,2013-12-24,9,21,24,33,36,43,3
102000107,2013-12-27,2,12,16,31,39,43,18
102000108,2013-12-31,5,27,29,36,40,42,35
103000001,2014-01-03,11,18,20,21,35,37,8
103000002,2014-01-07,1,7,21,25,35,36,39
103000003,2014-01-10,7,17,19,30,32,37,3
103000004,2014-01-14,2,11,21,41,45,49,26
103000005,2014-01-17,13,15,20,26,29,36,37
103000006,2014-01-21,12,15,22,38,43,44,9
103000007,2014-01-24,1,4,20,29,41,45,36
103000008,2014-01-28,1,2,5,7,26,30,24
103000009,2014-01-30,9,22,44,45,48,49,8
103000010,2014-01-31,17,23,27,38,48,49,19
103000011,2014-02-01,6,9,13,19,36,37,27
103000012,2014-02-02,3,13,14,19,24,45,5
103000013,2014-02-03,1,2,16,17,27,30,48
103000014,2014-02-04,8,12,19,32,42,46,28
103000015,2014-02-07,5,11,12,21,22,28,25
103000016,2014-02-11,6,15,21,22,31,44,41
103000017,2014-02-14,10,19,20,24,33,48,1
103000018,2014-02-18,6,19,20,26,32,47,35
103000019,2014-02-21,11,12,23,28,40,48,9
103000020,2014-02-25,3,5,9,12,13,46,4
103000021,2014-02-28,13,17,18,24,28,32,37
103000022,2014-03-04,8,26,35,37,40,43,6
103000023,2014-03-07,6,18,26,30,37,38,16
103000024,2014-03-11,13,15,16,20,40,43,14
103000025,2014-03-14,2,8,27,40,41,47,28
103000026,2014-03-18,12,26,28,35,39,40,16
103000027,2014-03-21,8,18,26,31,46,47,20
103000028,2014-03-25,19,23,25,30,42,47,16
103000029,2014-03-28,9,18,23,35,36,47,41
103000030,2014-04-01,18,22,29,30,46,47,6
103000031,2014-04-04,8,24,35,37,41,47,23
103000032,2014-04-08,1,14,17,27,28,45,11
103000033,2014-04-11,1,3,4,9,12,17,15
103000034,2014-04-15,5,8,24,26,35,44,41
103000035,2014-04-18,8,9,15,40,44,48,24
103000036,2014-04-22,11,12,15,18,20,37,42
103000037,2014-04-25,4,24,34,35,38,46,30
103000038,2014-04-29,2,9,27,30,44,46,22
103000039,2014-05-02,1,7,23,25,37,40,12
103000040,2014-05-06,10,25,35,39,40,46,31
103000041,2014-05-09,1,11,13,21,27,37,3
103000042,2014-05-13,15,20,29,31,32,44,23
103000043,2014-05-16,14,31,38,41,42,45,29
103000044,2014-05-20,6,13,30,33,34,35,38
103000045,2014-05-23,11,17,22,27,30,46,15
103000046,2014-05-27,10,19,23,26,32,39,16
103000047,2014-05-30,9,17,21,24,30,35,15
103000048,2014-06-03,16,31,32,33,35,44,46
103000049,2014-06-06,25,29,40,41,47,49,48
103000050,2014-06-10,3,11,28,32,33,35,30
103000051,2014-06-13,4,21,28,32,37,42,16
103000052,2014-06-17,3,6,18,20,25,48,12
103000053,2014-06-20,12,14,16,33,36,47,48
103000054,2014-06-24,1,8,12,14,40,41,15
103000055,2014-06-27,13,21,27,34,35,36,24
103000056,2014-07-01,6,7,8,9,21,48,18
103000057,2014-07-04,3,14,17,24,27,48,28
103000058,2014-07-08,10,22,25,33,39,47,38
103000059,2014-07-11,1,7,14,15,18,30,33
103000060,2014-07-15,7,18,23,32,34,48,13
103000061,2014-07-18,1,2,15,19,21,30,40
103000062,2014-07-22,3,9,13,17,28,42,14
103000063,2014-07-25,5,21,30,32,35,45,26
103000064,2014-07-29,31,32,34,36,44,47,46
103000065,2014-08-01,5,8,21,23,32,45,18
103000066,2014-08-05,4,11,26,33,40,42,34
103000067,2014-08-08,26,31,32,38,42,45,37
103000068,2014-08-12,4,6,10,12,34,45,44
103000069,2014-08-15,18,23,29,46,47,48,5
103000070,2014-08-19,6,7,9,12,14,19,17
103000071,2014-08-22,8,16,23,30,31,43,18
103000072,2014-08-26,1,17,19,23,32,43,9
103000073,2014-08-29,9,10,21,23,38,39,35
103000074,2014-09-02,7,8,36,39,42,43,22
103000075,2014-09-05,10,16,25,27,32,36,45
103000076,2014-09-09,21,23,29,41,42,49,14
103000077,2014-09-12,2,23,27,31,36,49,15
103000078,2014-09-16,7,12,16,18,19,41,45
103000079,2014-09-19,2,6,17,29,32,39,4
103000080,2014-09-23,2,11,20,28,32,38,16
103000081,2014-09-26,8,15,19,22,29,37,39
103000082,2014-09-30,18,35,36,41,47,49,15
103000083,2014-10-03,10,14,19,24,35,37,39
103000084,2014-10-07,17,18,40,41,45,47,29
103000085,2014-10-10,1,11,19,24,26,28,33
103000086,2014-10-14,9,10,14,20,36,47,8
103000087,2014-10-17,2,11,20,32,33,36,39
103000088,2014-10-21,14,28,31,38,42,44,45
103000089,2014-10-24,1,17,20,36,37,45,15
103000090,2014-10-28,5,16,25,32,37,44,21
103000091,2014-10-31,2,8,10,14,27,49,20
103000092,2014-11-04,3,20,30,35,38,41,47
103000093,2014-11-07,11,19,25,27,40,49,33
103000094,2014-11-11,5,11,18,23,36,43,14
103000095,2014-11-14,15,16,29,34,41,44,49
103000096,2014-11-18,11,12,20,26,28,43,6
103000097,2014-11-21,2,3,22,26,32,34,40
103000098,2014-11-25,1,15,16,32,44,48,40
103000099,2014-11-28,1,10,21,35,40,44,36
103000100,2014-12-02,9,11,13,23,26,42,47
103000101,2014-12-05,11,18,30,34,37,47,17
103000102,2014-12-09,7,9,23,33,41,43,24
103000103,2014-12-12,7,8,24,29,32,48,37
103000104,2014-12-16,17,28,32,34,35,45,8
103000105,2014-12-19,1,9,24,32,41,49,40
103000106,2014-12-23,3,27,30,31,32,39,35
103000107,2014-12-26,9,27,32,42,45,49,30
103000108,2014-12-30,7,30,32,44,48,49,45
104000001,2015-01-02,13,22,23,29,31,48,6
104000002,2015-01-06,11,16,29,30,37,43,13
104000003,2015-01-09,7,8,18,21,23,24,11
104000004,2015-01-13,2,14,16,22,37,46,49
104000005,2015-01-16,2,17,28,32,38,46,49
104000006,2015-01-20,9,24,28,35,45,47,48
104000007,2015-01-23,8,16,20,38,39,42,29
104000008,2015-01-27,4,9,15,21,27,45,6
104000009,2015-01-30,3,14,24,35,39,44,28
104000010,2015-02-03,5,13,15,16,18,30,8
104000011,2015-02-06,5,11,29,36,42,46,48
104000012,2015-02-10,14,15,26,29,35,44,9
104000013,2015-02-13,1,9,15,25,29,35,38
104000014,2015-02-17,3,11,15,23,40,46,13
104000015,2015-02-18,3,6,15,16,27,31,14
104000016,2015-02-19,7,25,27,31,40,49,11
104000017,2015-02-20,5,9,10,28,29,45,41
104000018,2015-02-21,2,5,11,17,27,40,20
104000019,2015-02-22,3,6,12,34,37,43,28
104000020,2015-02-23,14,20,21,32,38,43,23
104000021,2015-02-24,3,28,39,41,46,48,9
104000022,2015-02-27,2,6,27,34,38,43,45
104000023,2015-03-03,4,6,11,41,43,46,21
104000024,2015-03-06,6,21,22,35,37,44,29
104000025,2015-03-10,3,11,25,34,46,47,42
104000026,2015-03-13,6,9,14,16,22,33,11
104000027,2015-03-17,5,32,36,40,42,49,1
104000028,2015-03-20,4,7,9,13,29,46,8
104000029,2015-03-24,3,4,6,9,17,24,28
104000030,2015-03-27,12,13,15,18,24,36,39
104000031,2015-03-31,2,4,13,25,32,43,15
104000032,2015-04-03,13,32,36,40,42,43,41
104000033,2015-04-07,11,17,19,33,45,47,4
104000034,2015-04-10,10,11,17,20,42,44,13
104000035,2015-04-14,1,22,23,38,48,49,11
104000036,2015-04-17,26,32,33,36,45,47,39
104000037,2015-04-21,1,3,11,22,29,33,30
104000038,2015-04-24,13,25,31,35,41,46,49
104000039,2015-04-28,3,5,12,26,36,44,23
104000040,2015-05-01,8,15,25,29,47,49,9
104000041,2015-05-05,8,28,41,42,44,49,30
104000042,2015-05-08,2,10,15,28,44,49,39
104000043,2015-05-12,1,13,23,29,31,33,17
104000044,2015-05-15,3,6,18,27,29,32,40
104000045,2015-05-19,15,16,29,39,42,46,14
104000046,2015-05-22,3,21,23,28,37,43,5
104000047,2015-05-26,2,10,11,20,26,45,30
104000048,2015-05-29,2,5,11,28,32,34,24
104000049,2015-06-02,1,7,19,20,46,47,13
104000050,2015-06-05,8,21,32,35,41,48,34
104000051,2015-06-09,3,20,27,34,37,44,12
104000052,2015-06-12,8,19,22,24,26,28,18
104000053,2015-06-16,3,4,25,35,41,45,7
104000054,2015-06-19,3,5,11,18,25,38,15
104000055,2015-06-23,2,13,33,35,43,45,5
104000056,2015-06-26,5,6,12,28,29,41,7
104000057,2015-06-30,18,19,32,35,46,48,47
104000058,2015-07-03,21,23,28,29,41,46,24
104000059,2015-07-07,1,14,27,33,42,46,41
104000060,2015-07-10,5,6,13,26,29,47,33
104000061,2015-07-14,10,12,14,19,30,45,41
104000062,2015-07-17,4,7,20,27,33,40,38
104000063,2015-07-21,8,9,16,39,40,44,28
104000064,2015-07-24,10,12,25,33,39,42,29
104000065,2015-07-28,6,15,27,32,44,49,16
104000066,2015-07-31,13,16,18,30,32,40,29
104000067,2015-08-04,3,12,17,19,38,48,43
104000068,2015-08-07,25,26,27,28,36,37,38
104000069,2015-08-11,1,2,35,43,45,46,14
104000070,2015-08-14,5,13,14,23,24,42,35
104000071,2015-08-18,8,20,29,30,42,49,21
104000072,2015-08-21,10,15,20,21,27,36,45
104000073,2015-08-25,13,15,22,26,45,47,49
104000074,2015-08-28,8,11,12,15,40,46,16
104000075,2015-09-01,9,18,19,20,40,48,3
104000076,2015-09-04,19,20,44,46,47,49,9
104000077,2015-09-08,8,28,31,32,36,43,9
104000078,2015-09-11,5,10,18,29,41,44,30
104000079,2015-09-15,2,13,30,31,34,44,39
104000080,2015-09-18,6,16,17,36,37,41,28
104000081,2015-09-22,6,10,39,44,46,47,30
104000082,2015-09-25,9,13,21,25,38,39,2
104000083,2015-09-29,1,3,25,31,35,44,15
104000084,2015-10-02,11,15,36,41,44,45,35
104000085,2015-10-06,3,8,10,28,38,47,13
104000086,2015-10-09,2,8,22,27,35,43,24
104000087,2015-10-13,24,29,31,32,44,49,39
104000088,2015-10-16,20,25,29,31,40,44,21
104000089,2015-10-20,12,17,32,37,38,39,27
104000090,2015-10-23,1,16,41,43,46,47,25
104000091,2015-10-27,7,8,10,17,34,36,43
104000092,2015-10-30,3,6,8,15,20,30,40
104000093,2015-11-03,8,16,22,28,45,48,13
104000094,2015-11-06,8,24,27,30,45,49,42
104000095,2015-11-10,7,10,11,27,28,45,21
104000096,2015-11-13,1,11,16,18,31,33,19
104000097,2015-11-17,2,7,26,31,44,47,36
104000098,2015-11-20,4,9,10,39,40,42,8
104000099,2015-11-24,1,9,13,28,29,48,45
104000100,2015-11-27,4,5,23,25,40,41,11
104000101,2015-12-01,6,13,15,19,37,41,22
104000102,2015-12-04,16,21,34,37,41,47,29
104000103,2015-12-08,8,15,32,36,40,43,3
104000104,2015-12-11,1,4,25,29,42,43,11
104000105,2015-12-15,4,11,18,22,23,31,19
104000106,2015-12-18,5,6,11,15,18,25,31
104000107,2015-12-22,8,12,13,29,37,49,43
104000108,2015-12-25,3,7,11,12,16,30,13
104000109,2015-12-29,1,8,13,30,32,42,11
105000001,2016-01-01,16,19,24,29,41,43,32
105000002,2016-01-05,1,3,7,15,25,33,21
105000003,2016-01-08,3,10,13,28,44,48,1
105000004,2016-01-12,5,15,18,39,40,44,37
105000005,2016-01-15,6,11,16,17,27,42,35
105000006,2016-01-19,4,9,14,23,44,46,41
105000007,2016-01-22,10,15,17,20,43,46,37
105000008,2016-01-26,11,13,17,35,39,46,2
105000009,2016-01-29,16,35,38,44,45,48,27
105000010,2016-02-02,15,21,23,26,43,48,34
105000011,2016-02-05,4,5,26,30,38,41,28
105000012,2016-02-07,4,11,21,25,35,37,43
105000013,2016-02-08,8,12,13,16,27,32,24
105000014,2016-02-09,9,24,25,31,37,45,12
105000015,2016-02-10,18,19,22,32,44,47,9
105000016,2016-02-11,3,13,29,30,34,48,28
105000017,2016-02-12,6,10,11,22,32,45,4
105000018,2016-02-13,4,6,18,29,35,48,20
105000019,2016-02-14,1,3,16,20,21,26,22
105000020,2016-02-16,11,23,29,33,34,40,6
105000021,2016-02-19,11,20,23,30,39,44,49
105000022,2016-02-23,10,14,19,20,43,45,22
105000023,2016-02-26,3,9,17,21,41,46,27
105000024,2016-03-01,7,14,17,22,23,34,12
105000025,2016-03-04,5,7,12,17,22,29,4
105000026,2016-03-08,3,27,30,35,39,41,32
105000027,2016-03-11,9,16,30,34,36,49,31
105000028,2016-03-15,6,14,30,42,47,48,18
105000029,2016-03-18,1,3,4,18,25,47,13
105000030,2016-03-22,7,11,16,20,30,33,6
105000031,2016-03-25,7,11,22,37,40,41,20
105000032,2016-03-29,1,17,18,34,46,47,25
105000033,2016-04-01,8,12,16,29,37,39,40
105000034,2016-04-05,14,23,26,32,38,43,3
105000035,2016-04-08,2,7,13,30,36,45,43
105000036,2016-04-12,11,14,19,39,45,49,23
105000037,2016-04-15,9,13,17,28,45,47,3
105000038,2016-04-19,12,21,39,41,46,47,14
105000039,2016-04-22,12,19,23,33,46,48,29
105000040,2016-04-26,6,12,21,25,34,43,28
105000041,2016-04-29,8,14,27,31,36,40,3
105000042,2016-05-03,1,7,17,40,41,43,33
105000043,2016-05-06,1,26,37,39,42,48,41
105000044,2016-05-10,3,4,8,22,36,38,7
105000045,2016-05-13,3,10,22,31,35,38,37
105000046,2016-05-17,2,3,20,23,34,42,40
105000047,2016-05-20,5,10,25,30,40,43,26
105000048,2016-05-24,6,8,13,21,33,39,45
105000049,2016-05-27,2,9,13,16,24,39,41
105000050,2016-05-31,1,2,5,32,45,46,43
105000051,2016-06-03,3,10,27,33,41,44,7
105000052,2016-06-07,5,8,23,31,39,44,19
105000053,2016-06-10,4,13,15,22,23,48,3
105000054,2016-06-14,12,13,16,33,35,37,18
105000055,2016-06-17,7,10,17,20,21,31,49
105000056,2016-06-21,2,27,34,35,36,49,26
105000057,2016-06-24,14,17,27,28,39,41,18
105000058,2016-06-28,7,8,25,39,45,46,38
105000059,2016-07-01,8,20,24,34,41,43,32
105000060,2016-07-05,6,9,15,17,40,47,24
105000061,2016-07-08,9,10,13,19,23,35,38
105000062,2016-07-12,25,31,34,42,43,46,5
105000063,2016-07-15,24,25,29,33,35,38,49
105000064,2016-07-19,7,13,33,40,45,46,39
105000065,2016-07-22,2,10,17,27,33,49,15
105000066,2016-07-26,9,15,19,22,35,41,37
105000067,2016-07-29,9,15,27,28,30,41,13
105000068,2016-08-02,4,15,20,22,28,29,1
105000069,2016-08-05,1,2,22,27,35,40,33
105000070,2016-08-09,15,17,30,35,37,45,41
105000071,2016-08-12,8,20,33,35,42,43,10
105000072,2016-08-16,5,14,15,20,27,29,35
105000073,2016-08-19,5,19,26,44,46,48,36
105000074,2016-08-23,25,26,37,38,44,48,31
105000075,2016-08-26,9,28,34,41,42,49,6
105000076,2016-08-30,1,11,18,27,36,46,26
105000077,2016-09-02,9,11,20,21,45,46,42
105000078,2016-09-06,4,7,20,23,28,45,35
105000079,2016-09-09,1,12,35,36,41,44,21
105000080,2016-09-13,3,16,22,33,40,41,39
105000081,2016-09-16,17,23,30,31,34,49,36
105000082,2016-09-20,4,7,17,22,44,45,32
105000083,2016-09-23,1,2,29,31,33,43,40
105000084,2016-09-27,14,15,16,35,46,48,2
105000085,2016-09-30,4,10,31,38,40,48,5
105000086,2016-10-04,11,23,30,35,40,44,7
105000087,2016-10-07,10,16,30,33,37,42,43
105000088,2016-10-11,2,8,13,14,37,39,38
105000089,2016-10-14,10,23,29,30,44,47,7
105000090,2016-10-18,14,15,16,24,44,47,21
105000091,2016-10-21,2,8,21,32,33,37,15
105000092,2016-10-25,5,15,25,27,33,34,43
105000093,2016-10-28,1,10,13,33,37,38,40
105000094,2016-11-01,10,11,15,20,31,49,44
105000095,2016-11-04,2,3,17,28,38,49,21
105000096,2016-11-08,3,6,11,17,22,49,44
105000097,2016-11-11,2,7,8,22,28,32,20
105000098,2016-11-15,7,8,25,33,41,43,6
105000099,2016-11-18,6,18,24,25,26,34,19
105000100,2016-11-22,1,21,24,25,34,44,19
105000101,2016-11-25,1,3,22,28,37,42,10
105000102,2016-11-29,3,21,26,28,38,40,42
105000103,2016-12-02,5,25,26,34,40,49,47
105000104,2016-12-06,27,30,32,41,44,46,42
105000105,2016-12-09,12,28,38,42,44,49,2
105000106,2016-12-13,19,29,33,36,39,49,6
105000107,2016-12-16,11,19,25,34,36,42,8
105000108,2016-12-20,1,29,35,36,44,46,6
105000109,2016-12-23,8,23,28,38,41,42,30
105000110,2016-12-27,10,25,26,29,31,40,2
105000111,2016-12-30,6,7,35,37,38,47,12
106000001,2017-01-03,18,22,41,42,47,49,45
106000002,2017-01-06,12,14,32,35,40,43,17
106000003,2017-01-10,4,13,14,37,39,46,31
106000004,2017-01-13,14,19,21,25,27,38,22
106000005,2017-01-17,4,12,17,28,34,40,7
106000006,2017-01-20,1,5,16,18,31,41,13
106000007,2017-01-24,1,9,17,31,33,48,49
106000008,2017-01-27,1,5,7,31,35,49,42
106000009,2017-01-28,1,19,20,25,30,32,2
106000010,2017-01-29,3,8,9,12,14,22,46
106000011,2017-01-30,10,19,26,29,43,45,20
106000012,2017-01-31,4,11,16,28,33,46,17
106000013,2017-02-01,4,9,11,32,43,47,44
106000014,2017-02-03,2,11,25,29,30,33,20
106000015,2017-02-07,6,18,19,23,32,49,21
106000016,2017-02-10,7,11,12,15,24,26,6
106000017,2017-02-14,10,11,21,23,28,37,24
106000018,2017-02-17,6,16,21,23,46,49,39
106000019,2017-02-21,8,10,15,32,39,48,43
106000020,2017-02-24,12,16,35,38,41,47,1
106000021,2017-02-28,6,14,15,19,30,43,31
106000022,2017-03-03,2,16,20,37,43,48,10
106000023,2017-03-07,6,12,22,31,41,44,2
106000024,2017-03-10,11,12,21,35,41,48,1
106000025,2017-03-14,15,17,20,32,33,39,21
106000026,2017-03-17,4,17,25,36,40,44,8
106000027,2017-03-21,8,16,27,32,43,44,7
106000028,2017-03-24,24,36,39,41,45,49,22
106000029,2017-03-28,21,22,32,37,42,44,38
106000030,2017-03-31,17,18,22,24,25,38,39
106000031,2017-04-04,5,17,33,34,43,44,4
106000032,2017-04-07,19,23,31,32,37,49,26
106000033,2017-04-11,9,22,31,36,40,47,8
106000034,2017-04-14,2,3,4,23,29,42,14
106000035,2017-04-18,14,21,25,35,36,39,18
106000036,2017-04-21,5,15,22,23,28,39,25
106000037,2017-04-25,16,17,30,32,35,41,26
106000038,2017-04-28,1,3,19,31,32,42,43
106000039,2017-05-02,14,23,24,27,36,39,13
106000040,2017-05-05,1,9,18,19,34,49,11
106000041,2017-05-09,16,17,20,21,32,40,15
106000042,2017-05-12,2,9,18,22,25,35,14
106000043,2017-05-16,5,6,7,14,29,46,24
106000044,2017-05-19,15,16,21,23,28,46,14
106000045,2017-05-23,2,10,15,22,26,32,42
106000046,2017-05-26,8,14,16,19,21,35,20
106000047,2017-05-30,7,14,19,30,31,39,40
106000048,2017-06-02,3,7,8,23,30,31,32
106000049,2017-06-06,14,16,25,32,36,48,12
106000050,2017-06-09,24,26,31,32,37,46,1
106000051,2017-06-13,2,4,17,22,36,43,40
106000052,2017-06-16,1,15,21,26,36,45,10
106000053,2017-06-20,1,12,29,30,33,44,19
106000054,2017-06-23,2,8,12,34,41,42,7
106000055,2017-06-27,11,33,34,46,47,49,38
106000056,2017-06-30,8,12,22,30,32,36,6
106000057,2017-07-04,4,21,27,28,30,35,42
106000058,2017-07-07,18,30,40,42,44,49,8
106000059,2017-07-11,6,16,19,23,33,39,7
106000060,2017-07-14,16,18,19,25,26,32,22
106000061,2017-07-18,13,14,21,29,42,48,11
106000062,2017-07-21,2,12,24,32,42,47,29
106000063,2017-07-25,2,11,23,30,33,42,7
106000064,2017-07-28,11,13,18,22,38,39,3
106000065,2017-08-01,2,12,21,30,42,47,31
106000066,2017-08-04,15,16,26,27,39,45,37
106000067,2017-08-08,6,9,23,27,34,46,20
106000068,2017-08-11,2,8,9,18,27,37,33
106000069,2017-08-15,13,16,27,28,33,42,11
106000070,2017-08-18,7,10,12,35,38,47,23
106000071,2017-08-22,4,10,13,36,44,45,5
106000072,2017-08-25,1,4,19,24,28,31,49
106000073,2017-08-29,5,18,25,31,48,49,44
106000074,2017-09-01,5,11,14,16,36,40,46
106000075,2017-09-05,13,17,23,27,33,41,2
106000076,2017-09-08,8,13,15,19,29,42,25
106000077,2017-09-12,7,23,29,36,45,49,14
106000078,2017-09-15,3,8,11,16,33,37,35
106000079,2017-09-19,2,12,15,18,37,40,39
106000080,2017-09-22,18,35,39,43,47,49,44
106000081,2017-09-26,10,11,14,19,22,38,42
106000082,2017-09-29,3,14,16,21,33,36,20
106000083,2017-10-03,15,18,25,30,33,44,38
106000084,2017-10-06,4,28,32,37,41,45,47
106000085,2017-10-10,6,28,29,30,31,39,33
106000086,2017-10-13,5,8,23,34,44,46,16
106000087,2017-10-17,1,3,6,11,19,27,5
106000088,2017-10-20,3,8,18,19,26,42,17
106000089,2017-10-24,2,3,5,14,16,29,32
106000090,2017-10-27,2,11,17,22,38,40,41
106000091,2017-10-31,4,25,31,36,39,46,2
106000092,2017-11-03,8,20,23,33,36,43,2
106000093,2017-11-07,5,6,12,22,30,48,41
106000094,2017-11-10,10,15,24,26,29,35,12
106000095,2017-11-14,5,15,24,25,44,47,45
106000096,2017-11-17,2,14,19,28,39,46,45
106000097,2017-11-21,4,23,25,28,39,43,41
106000098,2017-11-24,4,8,10,14,41,45,38
106000099,2017-11-28,9,14,17,19,46,47,29
106000100,2017-12-01,2,3,5,28,42,48,9
106000101,2017-12-05,1,12,13,37,41,43,49
106000102,2017-12-08,1,5,8,10,34,35,46
106000103,2017-12-12,16,19,28,37,38,41,10
106000104,2017-12-15,17,19,24,27,31,37,8
106000105,2017-12-19,3,14,18,31,41,42,2
106000106,2017-12-22,12,18,20,21,31,37,24
106000107,2017-12-26,7,8,10,20,24,27,19
106000108,2017-12-29,11,12,15,20,27,47,36
107000001,2018-01-02,2,6,12,18,36,46,47
107000002,2018-01-05,4,13,17,29,31,44,14
107000003,2018-01-09,2,10,22,23,24,37,42
107000004,2018-01-12,1,7,14,22,40,45,29
107000005,2018-01-16,8,26,29,32,36,39,23
107000006,2018-01-19,2,13,16,22,26,48,39
107000007,2018-01-23,2,12,26,28,33,34,44
107000008,2018-01-26,7,23,32,34,43,47,24
107000009,2018-01-30,7,8,15,23,31,36,30
107000010,2018-02-02,1,2,10,11,26,43,40
107000011,2018-02-06,6,10,24,27,41,43,49
107000012,2018-02-09,12,17,20,21,30,45,9
107000013,2018-02-13,4,10,19,26,35,45,38
107000014,2018-02-15,7,21,22,37,41,48,15
107000015,2018-02-16,4,7,23,24,27,41,17
107000016,2018-02-17,3,5,17,32,33,47,36
107000017,2018-02-18,7,8,20,28,34,46,10
107000018,2018-02-19,7,9,19,22,36,49,29
107000019,2018-02-20,12,33,34,38,40,46,7
107000020,2018-02-23,3,7,15,16,18,41,42
107000021,2018-02-27,1,3,18,23,28,44,10
107000022,2018-03-02,1,12,17,25,31,48,21
107000023,2018-03-06,9,11,13,17,38,42,29
107000024,2018-03-09,12,15,18,27,30,38,19
107000025,2018-03-13,14,20,22,27,28,38,19
107000026,2018-03-16,3,14,16,17,43,46,4
107000027,2018-03-20,8,9,23,30,37,41,31
107000028,2018-03-23,4,9,13,32,34,41,42
107000029,2018-03-27,13,15,24,30,38,40,44
107000030,2018-03-30,1,5,13,43,44,47,25
107000031,2018-04-03,1,7,22,32,34,36,8
107000032,2018-04-06,7,25,31,34,47,49,26
107000033,2018-04-10,7,27,32,34,41,47,9
107000034,2018-04-13,1,12,25,28,40,46,39
107000035,2018-04-17,7,16,31,38,40,41,39
107000036,2018-04-20,10,14,32,33,35,46,43
107000037,2018-04-24,9,10,19,21,35,36,49
107000038,2018-04-27,4,25,26,27,30,48,11
107000039,2018-05-01,8,29,33,34,46,49,19
107000040,2018-05-04,10,22,30,33,36,47,43
107000041,2018-05-08,3,8,21,22,37,41,46
107000042,2018-05-11,4,11,25,35,37,48,36
107000043,2018-05-15,2,12,13,16,32,43,24
107000044,2018-05-18,1,11,36,38,41,42,48
107000045,2018-05-22,2,13,24,29,41,49,45
107000046,2018-05-25,1,6,22,24,32,42,16
107000047,2018-05-29,11,14,20,26,37,41,2
107000048,2018-06-01,16,26,28,33,42,49,20
107000049,2018-06-05,2,17,22,25,26,41,16
107000050,2018-06-08,2,9,17,31,32,40,47
107000051,2018-06-12,2,3,14,15,35,37,29
107000052,2018-06-15,16,25,28,30,44,46,27
107000053,2018-06-19,8,9,28,34,37,42,15
107000054,2018-06-22,6,7,11,25,26,30,31
107000055,2018-06-26,5,9,11,23,37,44,24
107000056,2018-06-29,4,13,27,30,37,41,20
107000057,2018-07-03,9,11,20,31,34,44,10
107000058,2018-07-06,2,3,21,28,32,47,27
107000059,2018-07-10,9,11,21,24,39,43,7
107000060,2018-07-13,2,14,21,31,42,46,4
107000061,2018-07-17,11,20,26,34,41,43,9
107000062,2018-07-20,9,12,13,24,39,45,38
107000063,2018-07-24,24,25,29,32,42,49,12
107000064,2018-07-27,5,12,17,19,35,48,9
107000065,2018-07-31,15,20,22,31,35,37,14
107000066,2018-08-03,4,6,30,35,40,43,13
107000067,2018-08-07,12,13,19,25,30,46,5
107000068,2018-08-10,5,7,16,18,36,48,37
107000069,2018-08-14,15,16,17,25,34,49,5
107000070,2018-08-17,3,14,19,21,35,48,13
107000071,2018-08-21,8,12,17,28,31,34,1
107000072,2018-08-24,3,7,9,31,39,45,35
107000073,2018-08-28,8,10,11,39,42,44,27
107000074,2018-08-31,12,15,34,37,43,46,38
107000075,2018-09-04,4,6,10,15,42,49,12
107000076,2018-09-07,2,8,14,21,37,44,49
107000077,2018-09-11,14,16,18,23,25,44,41
107000078,2018-09-14,19,29,36,37,45,46,18
107000079,2018-09-18,11,23,34,36,41,45,43
107000080,2018-09-21,3,5,10,11,29,45,25
107000081,2018-09-25,19,25,27,39,40,46,6
107000082,2018-09-28,1,2,7,20,27,37,19
107000083,2018-10-02,2,8,16,33,42,47,14
107000084,2018-10-05,3,9,10,42,44,47,5
107000085,2018-10-09,8,13,16,23,35,41,21
107000086,2018-10-12,4,6,7,12,20,21,29
107000087,2018-10-16,1,24,39,40,46,49,33
107000088,2018-10-19,7,18,20,32,42,49,24
107000089,2018-10-23,6,9,13,20,42,43,21
107000090,2018-10-26,8,10,23,33,41,46,48
107000091,2018-10-30,3,9,28,32,39,47,7
107000092,2018-11-02,5,16,18,32,41,47,2
107000093,2018-11-06,2,5,26,29,38,39,7
107000094,2018-11-09,4,12,14,15,22,48,28
107000095,2018-11-13,7,21,35,36,42,43,10
107000096,2018-11-16,7,11,23,30,38,49,45
107000097,2018-11-20,4,31,34,36,40,44,20
107000098,2018-11-23,7,20,21,34,37,43,5
107000099,2018-11-27,27,33,36,41,43,44,31
107000100,2018-11-30,5,14,20,27,29,45,7
107000101,2018-12-04,3,6,12,16,17,20,14
107000102,2018-12-07,11,20,29,33,34,36,18
107000103,2018-12-11,7,12,15,21,27,47,48
107000104,2018-12-14,6,9,14,19,38,49,20
107000105,2018-12-18,5,8,11,15,33,37,3
107000106,2018-12-21,5,19,21,34,41,49,42
107000107,2018-12-25,7,26,27,28,30,32,44
107000108,2018-12-28,7,11,19,23,35,44,33
108000001,2019-01-01,18,23,24,25,39,42,48
108000002,2019-01-04,6,7,8,20,47,48,30
108000003,2019-01-08,4,19,21,28,39,43,18
108000004,2019-01-11,13,20,22,31,34,42,9
108000005,2019-01-15,12,20,30,38,40,41,10
108000006,2019-01-18,4,5,10,30,39,45,14
108000007,2019-01-22,2,20,36,37,42,46,29
108000008,2019-01-25,3,10,14,15,20,45,2
108000009,2019-01-29,14,20,24,30,44,48,31
108000010,2019-02-01,10,17,20,21,32,41,34
108000011,2019-02-02,2,7,22,35,46,49,41
108000012,2019-02-03,12,24,28,36,37,40,6
108000013,2019-02-04,6,8,24,32,34,36,49
108000014,2019-02-05,13,18,30,34,45,49,33
108000015,2019-02-06,17,23,28,29,32,39,12
108000016,2019-02-07,7,21,29,33,40,41,8
108000017,2019-02-08,8,13,14,32,36,42,5
108000018,2019-02-09,6,8,18,19,20,30,22
108000019,2019-02-10,5,8,14,19,22,47,24
108000020,2019-02-12,11,16,19,29,30,45,1
108000021,2019-02-15,1,3,40,44,46,48,2
108000022,2019-02-19,1,3,4,24,32,43,37
108000023,2019-02-22,6,20,22,43,45,48,11
108000024,2019-02-26,6,17,22,34,38,42,20
108000025,2019-03-01,1,8,14,27,40,45,34
108000026,2019-03-05,12,13,16,21,42,43,39
108000027,2019-03-08,3,11,15,25,31,48,36
108000028,2019-03-12,5,7,22,37,40,45,12
108000029,2019-03-15,5,10,12,20,28,36,15
108000030,2019-03-19,7,16,17,36,47,48,49
108000031,2019-03-22,1,12,16,37,41,47,36
108000032,2019-03-26,6,13,14,19,24,38,26
108000033,2019-03-29,1,3,12,16,29,49,4
108000034,2019-04-02,5,28,38,40,41,47,25
108000035,2019-04-05,11,28,29,38,43,49,22
108000036,2019-04-09,10,36,37,44,45,46,48
108000037,2019-04-12,12,26,32,34,45,46,14
108000038,2019-04-16,1,14,23,36,39,41,4
108000039,2019-04-19,4,11,24,29,32,45,49
108000040,2019-04-23,8,14,16,18,30,35,36
108000041,2019-04-26,8,24,29,37,44,48,6
108000042,2019-04-30,1,4,19,24,47,49,36
108000043,2019-05-03,6,7,19,31,32,40,15
108000044,2019-05-07,2,14,23,29,35,43,22
108000045,2019-05-10,11,17,27,31,33,37,12
108000046,2019-05-14,9,15,27,28,40,43,45
108000047,2019-05-17,2,7,12,21,23,45,10
108000048,2019-05-21,7,10,18,32,41,46,42
108000049,2019-05-24,12,13,19,21,29,39,41
108000050,2019-05-28,3,11,22,36,38,40,7
108000051,2019-05-31,8,15,21,31,36,46,18
108000052,2019-06-04,5,6,19,23,43,48,7
108000053,2019-06-07,18,22,26,27,30,38,45
108000054,2019-06-11,6,31,32,39,40,42,28
108000055,2019-06-14,6,10,12,22,24,37,3
108000056,2019-06-18,5,16,27,29,33,45,28
108000057,2019-06-21,7,12,26,30,31,32,13
108000058,2019-06-25,8,20,31,36,38,45,33
108000059,2019-06-28,9,13,15,26,31,33,10
108000060,2019-07-02,2,4,11,33,39,42,19
108000061,2019-07-05,11,17,32,33,38,46,15
108000062,2019-07-09,11,17,20,34,37,41,6
108000063,2019-07-12,12,14,18,19,37,47,30
108000064,2019-07-16,15,30,31,37,39,48,8
108000065,2019-07-19,12,17,26,33,35,39,10
108000066,2019-07-23,12,14,35,37,42,47,6
108000067,2019-07-26,4,11,36,40,41,48,49
108000068,2019-07-30,4,12,21,24,33,35,42
108000069,2019-08-02,5,34,42,46,48,49,14
108000070,2019-08-06,1,10,20,37,38,49,31
108000071,2019-08-09,4,13,18,26,41,48,33
108000072,2019-08-13,5,21,25,32,36,41,33
108000073,2019-08-16,7,8,31,33,41,45,39
108000074,2019-08-20,1,16,19,27,35,42,41
108000075,2019-08-23,5,17,19,21,42,43,16
108000076,2019-08-27,1,4,8,10,45,47,41
108000077,2019-08-30,6,26,35,42,44,48,7
108000078,2019-09-03,11,13,25,32,33,48,31
108000079,2019-09-06,2,14,19,20,26,43,23
108000080,2019-09-10,3,12,17,20,29,38,47
108000081,2019-09-13,2,7,15,27,37,39,43
108000082,2019-09-17,12,18,29,40,41,48,24
108000083,2019-09-20,8,17,23,24,31,34,25
108000084,2019-09-24,2,16,18,20,22,39,21
108000085,2019-09-27,10,21,25,26,35,37,4
108000086,2019-10-01,2,9,12,15,20,49,40
108000087,2019-10-04,10,21,23,33,42,48,41
108000088,2019-10-08,7,13,18,21,26,34,8
108000089,2019-10-11,7,12,17,21,30,37,49
108000090,2019-10-15,13,21,28,35,37,38,33
108000091,2019-10-18,3,23,32,36,39,40,49
108000092,2019-10-22,6,17,22,23,32,42,13
108000093,2019-10-25,3,8,14,16,26,36,41
108000094,2019-10-29,3,10,12,22,36,41,18
108000095,2019-11-01,12,15,23,33,41,42,11
108000096,2019-11-05,9,13,22,37,40,42,26
108000097,2019-11-08,1,3,9,26,40,47,15
108000098,2019-11-12,1,19,25,27,31,40,12
108000099,2019-11-15,3,6,11,16,26,44,31
108000100,2019-11-19,5,15,30,35,38,47,18
108000101,2019-11-22,3,18,23,24,26,49,32
108000102,2019-11-26,8,10,15,19,36,45,37
108000103,2019-11-29,10,21,24,30,35,45,22
108000104,2019-12-03,5,9,11,15,36,45,27
108000105,2019-12-06,16,18,22,23,24,41,39
108000106,2019-12-10,3,8,18,19,41,48,36
108000107,2019-12-13,7,12,26,31,37,49,17
108000108,2019-12-17,9,21,27,31,38,49,3
108000109,2019-12-20,16,21,22,28,32,46,24
108000110,2019-12-24,9,18,31,45,48,49,22
108000111,2019-12-27,17,18,25,32,43,45,5
108000112,2019-12-31,10,14,26,38,39,47,8
109000001,2020-01-03,16,18,19,29,30,47,10
109000002,2020-01-07,1,5,8,15,16,38,7
109000003,2020-01-10,4,7,12,17,33,38,11
109000004,2020-01-14,7,20,34,37,38,47,18
109000005,2020-01-17,7,9,20,42,44,45,8
109000006,2020-01-21,17,22,30,38,44,48,36
109000007,2020-01-23,13,18,23,30,44,48,37
109000008,2020-01-24,7,13,18,21,38,44,3
109000009,2020-01-25,5,13,16,31,41,45,9
109000010,2020-01-26,3,28,29,35,41,47,48
109000011,2020-01-27,9,12,23,33,39,45,24
109000012,2020-01-28,2,3,13,20,28,38,40
109000013,2020-01-29,1,4,9,14,15,49,32
109000014,2020-01-30,6,24,35,41,46,49,9
109000015,2020-01-31,14,16,19,28,32,49,1
109000016,2020-02-01,2,10,12,20,26,34,28
109000017,2020-02-02,3,16,17,30,33,37,29
109000018,2020-02-04,3,23,27,28,37,48,8
109000019,2020-02-07,5,15,19,22,30,42,31
109000020,2020-02-11,9,22,23,37,43,46,38
109000021,2020-02-14,7,13,23,33,35,36,9
109000022,2020-02-18,4,13,31,35,37,42,49
109000023,2020-02-21,13,15,27,34,35,39,31
109000024,2020-02-25,1,2,8,44,47,48,9
109000025,2020-02-28,2,9,18,27,46,48,25
109000026,2020-03-03,8,10,11,17,28,42,40
109000027,2020-03-06,8,12,13,15,16,30,45
109000028,2020-03-10,1,4,12,25,34,37,42
109000029,2020-03-13,14,22,32,33,34,49,31
109000030,2020-03-17,10,17,28,29,43,47,4
109000031,2020-03-20,1,8,13,43,46,48,29
109000032,2020-03-24,10,12,16,29,41,45,1
109000033,2020-03-27,2,8,10,16,23,49,41
109000034,2020-03-31,6,21,26,34,36,49,23
109000035,2020-04-03,2,17,32,43,45,47,34
109000036,2020-04-07,4,7,12,18,27,44,23
109000037,2020-04-10,13,33,41,47,48,49,1
109000038,2020-04-14,17,19,21,26,33,45,12
109000039,2020-04-17,1,21,31,33,42,44,22
109000040,2020-04-21,1,2,29,33,45,47,39
109000041,2020-04-24,7,10,14,15,17,39,45
109000042,2020-04-28,16,29,36,39,43,48,42
109000043,2020-05-01,5,18,25,34,48,49,45
109000044,2020-05-05,17,19,24,36,43,49,26
109000045,2020-05-08,8,9,10,24,27,31,33
109000046,2020-05-12,1,5,8,11,35,36,26
109000047,2020-05-15,6,11,31,40,42,45,43
109000048,2020-05-19,27,32,33,40,43,44,37
109000049,2020-05-22,3,7,10,13,39,46,29
109000050,2020-05-26,1,5,25,29,33,38,19
109000051,2020-05-29,31,35,39,40,45,49,41
109000052,2020-06-02,1,6,22,25,33,48,19
109000053,2020-06-05,3,5,8,24,26,49,19
109000054,2020-06-09,8,17,28,35,36,47,41
109000055,2020-06-12,1,6,28,30,33,48,27
109000056,2020-06-16,6,13,20,23,29,46,42
109000057,2020-06-19,1,15,16,25,43,46,6
109000058,2020-06-23,1,2,16,22,27,45,13
109000059,2020-06-26,10,12,16,37,40,41,5
109000060,2020-06-30,26,29,31,43,46,49,6
109000061,2020-07-03,13,19,20,24,40,45,33
109000062,2020-07-07,4,17,22,34,44,46,13
109000063,2020-07-10,4,5,22,27,46,49,41
109000064,2020-07-14,4,10,24,29,32,49,43
109000065,2020-07-17,5,6,15,25,30,41,29
109000066,2020-07-21,3,16,25,31,33,36,14
109000067,2020-07-24,2,20,21,24,35,37,9
109000068,2020-07-28,8,10,22,23,29,35,2
109000069,2020-07-31,16,17,18,19,33,45,25
109000070,2020-08-04,1,5,11,19,31,33,6
109000071,2020-08-07,6,9,19,40,44,45,1
109000072,2020-08-11,8,12,40,42,44,47,5
109000073,2020-08-14,16,20,24,25,31,33,37
109000074,2020-08-18,4,22,30,43,45,47,15
109000075,2020-08-21,5,14,40,44,45,46,32
109000076,2020-08-25,2,23,28,35,46,48,33
109000077,2020-08-28,13,14,19,22,23,36,24
109000078,2020-09-01,1,2,6,8,38,43,24
109000079,2020-09-04,2,9,11,13,39,43,35
109000080,2020-09-08,1,2,9,20,26,48,36
109000081,2020-09-11,1,26,29,39,48,49,9
109000082,2020-09-15,7,16,29,32,37,48,21
109000083,2020-09-18,3,29,30,32,43,44,35
109000084,2020-09-22,3,4,5,8,24,29,7
109000085,2020-09-25,10,31,35,36,39,48,27
109000086,2020-09-29,1,7,8,33,42,47,31
109000087,2020-10-02,11,15,16,18,24,26,46
109000088,2020-10-06,4,5,22,23,34,40,37
109000089,2020-10-09,2,7,19,25,42,47,6
109000090,2020-10-13,1,3,15,27,39,41,20
109000091,2020-10-16,7,25,28,33,44,47,19
109000092,2020-10-20,5,17,18,28,30,39,13
109000093,2020-10-23,3,9,20,25,26,35,39
109000094,2020-10-27,2,9,19,28,30,32,35
109000095,2020-10-30,6,10,13,19,40,45,7
109000096,2020-11-03,6,11,15,30,32,44,29
109000097,2020-11-06,5,9,25,39,44,46,2
109000098,2020-11-10,5,17,19,21,28,29,43
109000099,2020-11-13,7,9,12,15,25,29,47
109000100,2020-11-17,6,14,18,20,38,41,29
109000101,2020-11-20,16,27,29,35,37,48,31
109000102,2020-11-24,5,29,36,38,44,45,23
109000103,2020-11-27,1,19,26,30,35,48,11
109000104,2020-12-01,4,22,29,37,44,49,30
109000105,2020-12-04,2,13,27,30,41,44,40
109000106,2020-12-08,2,4,10,15,31,45,17
109000107,2020-12-11,8,17,36,37,42,43,34
109000108,2020-12-15,2,6,17,21,43,48,41
109000109,2020-12-18,2,11,24,26,30,41,1
109000110,2020-12-22,20,22,25,30,31,45,2
109000111,2020-12-25,1,5,6,19,29,30,39
109000112,2020-12-29,10,14,33,34,35,39,40
110000001,2021-01-01,5,37,41,42,46,49,18
110000002,2021-01-05,8,13,17,20,43,48,38
110000003,2021-01-08,4,18,24,26,43,47,33
110000004,2021-01-12,1,10,20,28,37,44,33
110000005,2021-01-15,3,4,8,11,42,44,21
110000006,2021-01-19,15,29,31,33,41,47,37
110000007,2021-01-22,7,30,34,36,45,46,43
110000008,2021-01-26,8,20,23,37,43,46,44
110000009,2021-01-29,14,22,30,31,39,40,49
110000010,2021-02-02,14,34,35,38,43,47,40
110000011,2021-02-05,5,9,19,31,33,35,32
110000012,2021-02-09,1,3,6,12,27,43,2
110000013,2021-02-10,3,18,24,34,41,42,37
110000014,2021-02-11,7,17,18,26,41,47,39
110000015,2021-02-12,5,6,10,12,44,48,36
110000016,2021-02-13,13,30,37,40,43,46,5
110000017,2021-02-14,1,12,16,17,38,45,32
110000018,2021-02-15,4,8,10,18,33,40,2
110000019,2021-02-16,1,9,11,12,37,46,43
110000020,2021-02-17,2,13,24,26,45,49,10
110000021,2021-02-18,1,3,9,41,42,48,27
110000022,2021-02-19,2,28,31,36,40,45,24
110000023,2021-02-20,1,6,10,11,26,47,22
110000024,2021-02-21,9,18,25,27,32,39,40
110000025,2021-02-23,1,6,18,19,20,42,43
110000026,2021-02-26,4,13,22,23,39,42,26
110000027,2021-03-02,5,7,11,24,27,30,12
110000028,2021-03-05,6,8,14,29,38,48,35
110000029,2021-03-09,8,9,13,29,36,46,23
110000030,2021-03-12,8,21,26,30,33,46,45
110000031,2021-03-16,8,19,22,24,30,43,13
110000032,2021-03-19,7,19,28,35,38,48,8
110000033,2021-03-23,2,15,28,43,45,49,35
110000034,2021-03-26,15,21,24,30,37,38,34
110000035,2021-03-30,17,22,23,25,31,33,3
110000036,2021-04-02,17,21,25,30,40,42,26
110000037,2021-04-06,1,22,26,28,34,38,35
110000038,2021-04-09,6,9,18,25,29,35,46
110000039,2021-04-13,11,25,31,32,35,42,41
110000040,2021-04-16,7,10,16,21,33,46,2
110000041,2021-04-20,5,7,9,15,24,26,12
110000042,2021-04-23,18,20,23,32,37,46,39
110000043,2021-04-27,5,8,20,23,34,39,31
110000044,2021-04-30,4,14,22,42,46,47,21
110000045,2021-05-04,5,15,17,19,27,37,42
110000046,2021-05-07,12,22,26,35,36,49,32
110000047,2021-05-11,5,7,9,27,35,42,19
110000048,2021-05-14,2,13,14,30,43,48,17
110000049,2021-05-18,11,15,16,18,35,43,46
110000050,2021-05-21,2,4,25,26,27,29,41
110000051,2021-05-25,15,31,38,44,46,48,21
110000052,2021-05-28,4,12,18,23,43,46,7
110000053,2021-06-01,1,2,9,26,35,41,46
110000054,2021-06-04,7,8,24,28,32,41,10
110000055,2021-06-08,4,6,26,36,38,47,43
110000056,2021-06-11,7,9,16,23,27,44,46
110000057,2021-06-15,9,11,23,34,41,45,49
110000058,2021-06-18,2,18,22,25,41,43,14
110000059,2021-06-22,14,17,27,43,45,48,41
110000060,2021-06-25,1,4,9,37,38,41,40
110000061,2021-06-29,1,23,25,30,38,45,14
110000062,2021-07-02,4,9,11,25,27,29,22
110000063,2021-07-06,13,19,25,32,42,44,2
110000064,2021-07-09,3,13,24,26,27,29,9
110000065,2021-07-13,9,14,17,23,33,48,4
110000066,2021-07-16,13,16,17,19,39,44,42
110000067,2021-07-20,1,8,32,41,44,49,23
110000068,2021-07-23,7,15,23,24,31,38,9
110000069,2021-07-27,3,28,30,42,43,46,15
110000070,2021-07-30,2,15,19,29,43,46,23
110000071,2021-08-03,17,27,30,38,42,44,24
110000072,2021-08-06,3,4,15,29,32,39,38
110000073,2021-08-10,1,3,16,17,24,25,46
110000074,2021-08-13,5,6,19,24,33,41,3
110000075,2021-08-17,2,11,29,33,41,44,40
110000076,2021-08-20,3,6,11,13,18,37,46
110000077,2021-08-24,1,5,17,36,40,41,38
110000078,2021-08-27,8,11,16,32,35,43,41
110000079,2021-08-31,7,14,23,43,47,49,48
110000080,2021-09-03,1,18,21,24,32,41,12
110000081,2021-09-07,4,20,26,27,45,48,37
110000082,2021-09-10,1,5,15,16,28,41,44
110000083,2021-09-14,9,13,18,22,40,41,49
110000084,2021-09-17,7,12,18,35,37,45,44
110000085,2021-09-21,2,13,16,28,31,34,21
110000086,2021-09-24,4,10,21,30,39,42,22
110000087,2021-09-28,23,24,27,36,47,49,40
110000088,2021-10-01,2,9,16,22,41,49,7
110000089,2021-10-05,1,3,11,23,46,47,45
110000090,2021-10-08,18,19,20,34,37,44,10
110000091,2021-10-12,1,6,14,26,28,31,30
110000092,2021-10-15,2,12,21,25,26,37,10
110000093,2021-10-19,20,21,26,35,39,47,16
110000094,2021-10-22,8,13,25,27,38,46,12
110000095,2021-10-26,14,18,21,26,47,49,30
110000096,2021-10-29,2,9,17,28,36,42,46
110000097,2021-11-02,1,12,17,21,37,43,47
110000098,2021-11-05,16,18,26,30,40,44,13
110000099,2021-11-09,9,14,20,26,39,42,5
110000100,2021-11-12,2,3,25,27,37,47,26
110000101,2021-11-16,6,23,34,41,43,44,38
110000102,2021-11-19,13,15,16,17,23,36,29
110000103,2021-11-23,6,7,13,32,33,37,42
110000104,2021-11-26,10,15,16,21,22,30,14
110000105,2021-11-30,9,10,26,31,40,49,8
110000106,2021-12-03,8,13,14,35,36,41,5
110000107,2021-12-07,19,21,30,43,44,48,8
110000108,2021-12-10,3,15,21,24,27,40,13
110000109,2021-12-14,7,14,21,27,30,36,43
110000110,2021-12-17,2,11,30,35,37,40,13
110000111,2021-12-21,4,5,27,31,44,48,33
110000112,2021-12-24,2,7,11,19,27,44,22
110000113,2021-12-28,1,2,8,11,21,45,16
110000114,2021-12-31,5,9,14,28,34,37,35
111000001,2022-01-04,3,4,7,19,22,43,36
111000002,2022-01-07,6,9,15,31,38,39,25
111000003,2022-01-11,10,11,13,17,36,49,41
111000004,2022-01-14,5,13,14,24,26,35,39
111000005,2022-01-18,19,22,33,35,38,48,11
111000006,2022-01-21,15,26,27,34,37,42,47
111000007,2022-01-25,2,9,10,15,27,35,44
111000008,2022-01-28,7,12,36,41,42,44,29
111000009,2022-01-29,1,2,20,23,26,34,19
111000010,2022-01-30,3,8,15,20,22,23,36
111000011,2022-01-31,4,14,32,33,43,44,49
111000012,2022-02-01,8,25,34,44,45,47,24
111000013,2022-02-02,6,11,18,23,33,41,39
111000014,2022-02-03,5,9,18,22,34,36,11
111000015,2022-02-04,1,18,21,29,36,38,16
111000016,2022-02-05,2,4,13,36,41,49,16
111000017,2022-02-06,12,24,29,34,38,42,33
111000018,2022-02-07,3,18,23,32,40,45,38
111000019,2022-02-08,5,23,29,33,38,49,24
111000020,2022-02-09,2,7,11,18,35,45,25
111000021,2022-02-10,1,22,25,27,41,44,3
111000022,2022-02-11,23,24,30,42,44,46,48
111000023,2022-02-15,18,23,26,27,40,42,3
111000024,2022-02-18,16,20,36,39,47,48,35
111000025,2022-02-22,3,21,22,34,37,40,5
111000026,2022-02-25,17,18,21,26,38,49,20
111000027,2022-03-01,7,17,19,24,31,45,38
111000028,2022-03-04,1,3,18,29,30,31,26
111000029,2022-03-08,13,14,16,19,30,44,20
111000030,2022-03-11,3,4,8,15,21,24,29
111000031,2022-03-15,1,31,33,37,46,47,36
111000032,2022-03-18,2,15,21,26,42,44,45
111000033,2022-03-22,7,21,26,36,43,49,16
111000034,2022-03-25,14,17,22,45,47,49,26
111000035,2022-03-29,16,21,24,27,29,43,41
111000036,2022-04-01,3,10,11,20,34,38,4
111000037,2022-04-05,8,15,24,27,31,33,13
111000038,2022-04-08,10,15,19,29,31,44,23
111000039,2022-04-12,14,17,18,22,40,42,37
111000040,2022-04-15,2,9,11,14,15,30,22
111000041,2022-04-19,4,5,18,20,30,41,23
111000042,2022-04-22,3,28,32,36,47,49,16
111000043,2022-04-26,12,31,32,42,43,49,36
111000044,2022-04-29,12,14,18,25,44,48,45
111000045,2022-05-03,14,16,18,19,21,23,3
111000046,2022-05-06,1,5,19,28,45,49,29
111000047,2022-05-10,2,11,20,24,32,48,27
111000048,2022-05-13,10,24,27,36,37,48,29
111000049,2022-05-17,9,22,28,29,34,37,36
111000050,2022-05-20,5,8,12,22,42,49,46
111000051,2022-05-24,4,19,24,35,45,46,2
111000052,2022-05-27,4,11,18,37,39,46,27
111000053,2022-05-31,10,11,17,25,27,28,31
111000054,2022-06-03,4,11,39,42,43,48,44
111000055,2022-06-07,4,17,18,19,31,44,46
111000056,2022-06-10,5,10,13,28,29,38,34
111000057,2022-06-14,3,9,20,28,29,47,35
111000058,2022-06-17,7,11,28,30,46,47,48
111000059,2022-06-21,3,14,20,34,41,44,43
111000060,2022-06-24,3,18,26,29,40,43,13
111000061,2022-06-28,21,24,25,41,42,45,34
111000062,2022-07-01,14,20,29,32,34,43,2
111000063,2022-07-05,3,8,26,38,45,47,35
111000064,2022-07-08,5,9,15,35,40,44,10
111000065,2022-07-12,7,14,17,20,29,45,30
111000066,2022-07-15,14,15,27,41,43,49,39
111000067,2022-07-19,9,16,23,29,40,41,43
111000068,2022-07-22,11,12,24,30,33,38,31
111000069,2022-07-26,10,12,17,27,29,39,47
111000070,2022-07-29,12,18,19,21,33,37,15
111000071,2022-08-02,2,26,28,29,37,48,5
111000072,2022-08-05,5,18,21,30,43,46,26
111000073,2022-08-09,9,11,21,23,30,33,34
111000074,2022-08-12,4,7,15,21,37,43,5
111000075,2022-08-16,1,7,11,16,18,31,24
111000076,2022-08-19,3,4,10,21,28,41,15
111000077,2022-08-23,6,23,24,25,47,49,5
111000078,2022-08-26,4,16,17,30,38,42,5
111000079,2022-08-30,5,8,16,27,35,45,37
111000080,2022-09-02,20,23,25,36,43,45,38
111000081,2022-09-06,26,32,35,36,38,49,39
111000082,2022-09-09,7,15,17,28,36,39,1
111000083,2022-09-13,7,10,15,21,34,48,38
111000084,2022-09-16,2,6,7,27,31,44,28
111000085,2022-09-20,11,13,24,29,35,43,1
111000086,2022-09-23,2,12,30,31,44,48,46
111000087,2022-09-27,10,17,28,34,40,43,29
111000088,2022-09-30,5,12,18,28,34,39,24
111000089,2022-10-04,13,14,23,34,43,49,44
111000090,2022-10-07,5,10,15,16,26,30,12
111000091,2022-10-11,1,3,23,25,42,46,2
111000092,2022-10-14,1,11,13,25,32,36,30
111000093,2022-10-18,1,14,27,38,39,47,49
111000094,2022-10-21,11,20,36,37,42,49,3
111000095,2022-10-25,18,32,36,43,48,49,23
111000096,2022-10-28,17,18,19,23,25,32,26
111000097,2022-11-01,17,24,28,32,34,40,3
111000098,2022-11-04,11,21,23,30,36,47,6
111000099,2022-11-08,15,18,37,39,44,47,43
111000100,2022-11-11,2,10,19,20,36,48,37
111000101,2022-11-15,19,20,26,29,34,39,4
111000102,2022-11-18,10,17,27,37,44,45,22
111000103,2022-11-22,5,13,18,24,27,48,32
111000104,2022-11-25,14,15,20,26,35,41,36
111000105,2022-11-29,6,21,34,37,46,49,18
111000106,2022-12-02,8,22,28,40,41,45,34
111000107,2022-12-06,10,15,27,32,39,42,28
111000108,2022-12-09,10,16,22,40,45,48,31
111000109,2022-12-13,6,9,12,14,33,47,34
111000110,2022-12-16,6,11,12,40,47,49,28
111000111,2022-12-20,3,4,12,16,29,32,39
111000112,2022-12-23,9,13,32,34,35,39,1
111000113,2022-12-27,3,11,16,21,22,39,4
111000114,2022-12-30,5,8,14,17,20,46,7
112000001,2023-01-03,2,4,8,19,24,39,28
112000002,2023-01-06,19,22,29,36,43,46,30
112000003,2023-01-10,15,21,22,30,41,42,24
112000004,2023-01-13,5,21,23,24,40,44,17
112000005,2023-01-17,5,17,23,24,36,42,16
112000006,2023-01-20,16,25,27,31,34,42,6
112000007,2023-01-21,1,5,16,21,23,25,30
112000008,2023-01-22,6,8,10,22,27,29,23
112000009,2023-01-23,7,10,18,23,34,35,9
112000010,2023-01-24,2,4,18,20,30,32,10
112000011,2023-01-25,2,3,8,23,24,27,14
112000012,2023-01-26,10,12,13,21,40,42,49
112000013,2023-01-27,4,13,28,33,38,39,42
112000014,2023-01-28,1,19,23,30,35,48,45
112000015,2023-01-29,2,8,9,15,27,31,42
112000016,2023-01-30,7,18,23,39,41,43,25
112000017,2023-01-31,1,26,33,36,40,42,37
112000018,2023-02-01,5,8,19,23,33,46,48
112000019,2023-02-02,8,13,19,21,31,45,37
112000020,2023-02-03,3,14,25,29,44,45,46
112000021,2023-02-04,2,14,20,21,22,49,38
112000022,2023-02-05,5,19,25,33,38,42,41
112000023,2023-02-07,3,8,11,18,28,47,5
112000024,2023-02-10,7,11,24,28,33,46,3
112000025,2023-02-14,11,22,23,30,31,49,14
112000026,2023-02-17,7,9,14,16,26,33,27
112000027,2023-02-21,1,5,6,11,26,46,41
112000028,2023-02-24,15,38,39,40,45,48,2
112000029,2023-02-28,2,11,25,26,27,35,10
112000030,2023-03-03,13,16,18,22,34,42,14
112000031,2023-03-07,13,17,23,25,32,41,16
112000032,2023-03-10,15,19,29,32,39,40,35
112000033,2023-03-14,3,4,11,12,20,37,5
112000034,2023-03-17,6,7,10,24,29,40,16
112000035,2023-03-21,3,11,20,30,41,45,28
112000036,2023-03-24,2,14,26,34,40,46,13
112000037,2023-03-28,3,10,26,35,37,44,15
112000038,2023-03-31,10,22,26,29,45,47,41
112000039,2023-04-04,10,19,21,33,35,47,9
112000040,2023-04-07,4,11,20,25,32,39,30
112000041,2023-04-11,9,12,30,31,33,37,25
112000042,2023-04-14,10,22,23,35,46,49,2
112000043,2023-04-18,6,8,10,28,41,43,45
112000044,2023-04-21,7,11,23,25,27,43,5
112000045,2023-04-25,5,12,13,27,28,41,37
112000046,2023-04-28,5,31,38,41,43,47,28
112000047,2023-05-02,8,9,14,37,42,46,10
112000048,2023-05-05,10,13,16,19,21,48,30
112000049,2023-05-09,1,21,22,29,31,44,3
112000050,2023-05-12,2,7,9,18,20,48,14
112000051,2023-05-16,1,19,26,34,38,43,48
112000052,2023-05-19,5,8,9,35,38,44,31
112000053,2023-05-23,5,20,23,38,44,46,33
112000054,2023-05-26,5,10,12,15,30,36,26
112000055,2023-05-30,5,6,9,29,43,45,27
112000056,2023-06-02,1,5,13,16,23,34,49
112000057,2023-06-06,8,13,27,30,41,43,18
112000058,2023-06-09,30,32,36,38,46,49,26
112000059,2023-06-13,1,6,8,9,10,21,2
112000060,2023-06-16,2,21,22,30,33,41,42
112000061,2023-06-20,5,15,32,34,37,41,11
112000062,2023-06-23,4,8,23,31,42,49,16
112000063,2023-06-27,13,24,30,37,43,44,4
112000064,2023-06-30,6,22,26,29,32,43,38
112000065,2023-07-04,6,12,15,16,24,41,21
112000066,2023-07-07,3,6,15,21,24,33,14
112000067,2023-07-11,10,21,26,34,48,49,39
112000068,2023-07-14,10,15,17,33,34,45,36
112000069,2023-07-18,4,5,16,19,34,40,10
112000070,2023-07-21,3,15,35,39,41,49,38
112000071,2023-07-25,12,17,28,33,40,45,39
112000072,2023-07-28,1,3,22,25,34,44,32
112000073,2023-08-01,11,26,37,38,40,41,28
112000074,2023-08-04,6,10,21,34,38,41,47
112000075,2023-08-08,11,26,28,30,41,45,22
112000076,2023-08-11,8,27,34,38,39,47,30
112000077,2023-08-15,10,22,26,30,34,43,41
112000078,2023-08-18,13,19,21,24,41,45,44
112000079,2023-08-22,2,19,26,34,43,46,31
112000080,2023-08-25,2,10,20,31,33,46,24
112000081,2023-08-29,6,7,10,22,41,42,31
112000082,2023-09-01,1,19,26,34,45,49,37
112000083,2023-09-05,12,14,32,34,40,48,39
112000084,2023-09-08,14,20,23,33,34,40,24
112000085,2023-09-12,21,22,26,33,34,35,46
112000086,2023-09-15,12,16,19,30,37,39,14
112000087,2023-09-19,3,16,24,35,37,41,27
112000088,2023-09-22,2,13,32,36,38,43,34
112000089,2023-09-26,9,14,26,37,38,39,8
112000090,2023-09-29,6,9,18,35,38,48,25
112000091,2023-10-03,3,22,29,31,40,44,48
112000092,2023-10-06,6,16,21,27,30,49,26
112000093,2023-10-10,3,8,17,33,34,48,11
112000094,2023-10-13,1,9,13,14,28,30,31
112000095,2023-10-17,5,12,13,20,24,34,27
112000096,2023-10-20,32,37,38,39,40,44,24
112000097,2023-10-24,7,29,34,41,43,49,22
112000098,2023-10-27,6,15,22,27,28,31,24
112000099,2023-10-31,2,10,18,36,42,47,24
112000100,2023-11-03,8,20,24,28,40,48,3
112000101,2023-11-07,7,8,21,41,44,47,13
112000102,2023-11-10,2,4,6,8,11,31,26
112000103,2023-11-14,6,12,15,30,38,43,41
112000104,2023-11-17,15,30,31,34,40,45,47
112000105,2023-11-21,16,21,26,30,37,47,31
112000106,2023-11-24,9,16,20,42,43,48,2
112000107,2023-11-28,12,18,23,27,33,44,39
112000108,2023-12-01,4,15,18,23,40,47,42
112000109,2023-12-05,10,14,30,38,42,48,37
112000110,2023-12-08,5,8,22,27,28,29,16
112000111,2023-12-12,6,20,30,33,38,46,16
112000112,2023-12-15,1,9,22,28,33,39,7
112000113,2023-12-19,14,18,20,26,38,48,2
112000114,2023-12-22,8,9,20,34,35,49,40
112000115,2023-12-26,8,19,28,29,30,46,10
112000116,2023-12-29,1,11,23,31,39,46,17
113000001,2024-01-02,4,14,18,21,36,38,1
113000002,2024-01-05,2,20,23,30,35,47,40
113000003,2024-01-09,12,29,31,37,44,49,3
113000004,2024-01-12,4,25,29,38,42,46,6
113000005,2024-01-16,1,3,20,21,36,40,44
113000006,2024-01-19,1,3,7,19,31,46,40
113000007,2024-01-23,2,14,17,26,27,47,4
113000008,2024-01-26,2,11,20,34,46,47,40
113000009,2024-01-30,7,19,30,38,40,45,27
113000011,2024-02-06,14,19,23,26,34,40,5
113000012,2024-02-07,20,22,31,34,35,37,7
113000013,2024-02-08,5,8,25,31,39,47,22
113000014,2024-02-09,3,7,16,20,25,30,37
113000015,2024-02-10,5,6,11,13,28,34,4
113000016,2024-02-11,11,13,23,29,44,45,27
113000017,2024-02-12,16,22,37,46,47,49,4
113000018,2024-02-13,2,3,6,39,44,47,34
113000019,2024-02-14,7,12,19,26,32,39,44
113000020,2024-02-15,4,8,18,19,20,33,3
113000021,2024-02-16,19,24,33,42,43,45,16
113000022,2024-02-17,4,5,20,27,32,40,6
113000023,2024-02-18,6,12,24,32,36,44,45
113000024,2024-02-19,2,10,17,32,38,48,8
113000025,2024-02-20,6,8,17,27,34,46,25
113000026,2024-02-21,13,21,25,27,31,43,47
113000027,2024-02-22,9,11,18,31,39,46,5
113000028,2024-02-23,3,8,9,21,34,49,22
113000029,2024-02-24,8,15,21,27,46,48,31
113000030,2024-02-27,7,15,17,29,41,42,28
113000031,2024-03-01,1,29,30,39,46,47,17
113000032,2024-03-05,10,15,21,24,26,38,37
113000033,2024-03-08,7,26,27,29,36,40,32
113000034,2024-03-12,3,13,22,27,45,49,17
113000035,2024-03-15,8,18,33,37,40,43,31
113000036,2024-03-19,8,14,19,20,21,36,28
113000037,2024-03-22,4,16,38,40,41,48,35
113000038,2024-03-26,6,19,21,29,32,46,11
113000039,2024-03-29,2,3,13,15,43,48,1
113000040,2024-04-02,27,32,38,39,46,49,24
113000041,2024-04-05,4,31,35,38,40,48,18
113000042,2024-04-09,3,16,17,19,22,26,1
113000043,2024-04-12,3,5,12,15,17,39,24
113000044,2024-04-16,5,8,17,33,35,40,10
113000045,2024-04-19,7,10,16,22,31,46,42
113000046,2024-04-23,13,14,17,32,33,36,31
113000047,2024-04-26,13,21,22,26,33,34,35
113000048,2024-04-30,3,9,13,22,33,43,14
113000049,2024-05-03,6,11,12,22,34,39,42
113000050,2024-05-07,7,9,15,28,30,33,26
113000051,2024-05-10,15,19,30,35,38,41,25
113000052,2024-05-14,6,7,10,25,32,43,33
113000053,2024-05-17,15,33,34,40,41,49,27
113000054,2024-05-21,1,30,34,35,38,42,15
113000055,2024-05-24,4,23,24,28,30,40,41
113000056,2024-05-28,12,17,18,21,33,37,9
113000057,2024-05-31,8,14,16,19,23,32,49
113000058,2024-06-04,7,30,33,34,35,46,49
113000059,2024-06-07,19,24,29,36,37,43,17
113000060,2024-06-11,7,10,12,27,36,46,18
113000061,2024-06-14,1,7,9,18,36,47,32
113000062,2024-06-18,6,24,31,35,36,42,18
113000063,2024-06-21,2,17,31,42,44,46,10
113000064,2024-06-25,6,8,12,29,41,48,14
113000065,2024-06-28,10,11,25,31,36,41,27
113000066,2024-07-02,1,33,38,39,41,45,46
113000067,2024-07-05,2,11,20,25,37,49,42
113000068,2024-07-09,15,18,19,31,39,40,25
113000069,2024-07-12,2,13,19,33,46,49,23
113000070,2024-07-16,4,12,22,29,36,47,15
113000071,2024-07-19,11,13,25,28,33,40,31
113000072,2024-07-23,3,6,10,23,33,35,24
113000073,2024-07-26,6,19,23,35,41,46,8
113000074,2024-07-30,5,15,24,35,46,48,17
113000075,2024-08-02,2,4,5,15,20,33,25
113000076,2024-08-06,20,27,31,33,38,46,23
113000077,2024-08-09,14,20,27,42,44,47,40
113000078,2024-08-13,2,28,30,37,40,48,8
113000079,2024-08-16,4,6,14,31,44,45,1
113000080,2024-08-20,12,13,18,28,39,49,2
113000081,2024-08-23,16,20,32,34,37,43,17
113000082,2024-08-27,12,22,24,38,40,46,21
113000083,2024-08-30,2,17,25,29,32,38,24
113000084,2024-09-03,5,22,25,27,36,41,11
113000085,2024-09-06,9,15,17,38,45,49,47
113000086,2024-09-10,6,14,16,25,35,38,31
113000087,2024-09-13,13,17,26,39,43,48,3
113000088,2024-09-17,26,34,35,40,44,46,32
113000089,2024-09-20,4,8,18,30,35,49,11
113000090,2024-09-24,5,13,14,16,37,48,39
113000091,2024-09-27,2,3,5,21,45,49,47
113000092,2024-10-01,10,12,13,19,27,33,30
113000093,2024-10-04,12,17,19,27,38,42,40
113000094,2024-10-08,3,5,7,31,33,45,19
113000095,2024-10-11,7,9,12,21,26,32,27
113000096,2024-10-15,5,10,13,28,39,41,49
113000097,2024-10-18,14,20,26,43,45,49,7
113000098,2024-10-22,2,24,29,30,38,49,47
113000099,2024-10-25,7,19,25,35,36,38,42
113000100,2024-10-29,19,26,36,38,39,49,16
113000101,2024-11-01,6,10,23,27,34,47,22
113000102,2024-11-05,4,17,21,30,41,49,48
113000103,2024-11-08,1,11,42,46,47,49,7
113000104,2024-11-12,11,25,26,33,34,41,27
113000105,2024-11-15,24,25,30,36,41,43,21
113000106,2024-11-19,5,7,11,22,25,44,13
113000107,2024-11-22,14,16,22,33,36,48,3
113000108,2024-11-26,11,40,42,45,47,49,27
113000109,2024-11-29,13,20,28,32,38,49,46
113000110,2024-12-03,5,6,7,12,17,35,45
113000111,2024-12-06,9,15,18,33,44,47,28
113000112,2024-12-10,1,5,8,26,47,49,38
113000113,2024-12-13,7,11,28,29,38,39,33
113000114,2024-12-17,8,10,22,24,31,34,44
113000115,2024-12-20,3,8,18,26,40,46,22
113000116,2024-12-24,5,9,10,29,35,48,13
113000117,2024-12-27,21,26,28,30,32,34,40
113000118,2024-12-31,10,25,34,35,42,48,21
114000001,2025-01-03,6,9,15,29,30,48,23
114000002,2025-01-07,1,8,20,26,29,35,19
114000003,2025-01-10,14,29,35,36,37,49,40
114000004,2025-01-14,1,3,13,15,37,48,42
114000005,2025-01-17,11,18,32,39,44,49,46
114000006,2025-01-21,6,21,35,36,38,42,22
114000007,2025-01-24,6,22,23,30,36,37,13
114000008,2025-01-25,2,3,10,12,34,40,41
114000009,2025-01-26,7,12,16,31,40,43,34
114000010,2025-01-27,11,22,30,35,37,38,33
114000011,2025-01-28,4,8,20,26,31,34,16
114000012,2025-01-29,15,17,22,26,32,42,12
114000013,2025-01-30,5,8,27,29,30,48,35
114000014,2025-01-31,7,11,13,23,39,42,15
114000015,2025-02-01,2,9,10,18,39,40,8
114000016,2025-02-02,10,16,25,28,33,37,13
114000017,2025-02-03,7,20,29,32,33,39,47
114000018,2025-02-04,15,17,21,26,30,47,48
114000019,2025-02-05,3,6,13,32,33,41,44
114000020,2025-02-06,2,5,18,19,42,45,11
114000021,2025-02-07,14,22,25,44,46,49,16
114000022,2025-02-08,3,6,23,26,40,43,2
114000023,2025-02-09,4,6,13,14,22,25,35
114000024,2025-02-10,1,18,28,34,35,43,24
114000025,2025-02-11,7,19,25,27,34,35,12
114000026,2025-02-12,12,30,31,37,47,49,38
114000027,2025-02-14,8,11,14,29,33,45,34
114000028,2025-02-18,5,9,10,31,35,37,30
114000029,2025-02-21,2,7,27,30,38,49,6
114000030,2025-02-25,13,15,24,37,38,43,44
114000031,2025-02-28,7,19,25,26,38,39,4
114000032,2025-03-04,7,21,31,36,46,47,8
114000033,2025-03-07,5,7,26,30,40,48,8
114000034,2025-03-11,2,18,25,37,38,47,42
114000035,2025-03-14,6,7,13,17,21,23,48
114000036,2025-03-18,7,8,13,17,29,36,18
114000037,2025-03-21,13,25,29,40,46,47,22
114000038,2025-03-25,17,24,40,41,46,48,27
114000039,2025-03-28,1,7,11,15,27,30,42
114000040,2025-04-01,4,16,18,29,35,37,33
114000041,2025-04-04,7,20,29,40,43,47,28
114000042,2025-04-08,10,26,33,39,45,46,19
114000043,2025-04-11,6,10,11,17,23,32,27
114000044,2025-04-15,18,28,37,41,43,46,11
114000045,2025-04-18,2,8,15,22,29,45,9
114000046,2025-04-22,1,6,14,19,35,49,8
114000047,2025-04-25,20,21,24,25,31,35,28
114000048,2025-04-29,7,11,24,26,30,42,37
114000049,2025-05-02,2,5,39,43,45,47,26
114000050,2025-05-06,5,8,9,25,30,45,31
114000051,2025-05-09,15,27,33,42,48,49,39
114000052,2025-05-13,1,23,29,41,45,49,24
114000053,2025-05-16,13,16,22,23,34,39,14
114000054,2025-05-20,2,11,15,26,29,48,31
114000055,2025-05-23,1,7,11,24,44,48,10
114000056,2025-05-27,16,17,26,29,32,40,10
114000057,2025-05-30,3,4,13,21,38,46,2
114000058,2025-06-03,9,24,32,40,41,49,27
114000059,2025-06-06,11,13,15,39,42,46,28
114000060,2025-06-10,3,5,12,16,22,48,30
114000061,2025-06-13,1,2,10,13,20,27,49
114000062,2025-06-17,13,20,21,26,31,44,28
114000063,2025-06-20,4,20,31,40,42,48,24
114000064,2025-06-24,3,8,20,37,45,49,21
114000065,2025-06-27,4,8,9,14,21,39,37
114000066,2025-07-01,8,9,21,25,33,34,2
114000067,2025-07-04,5,13,15,18,33,37,45
114000068,2025-07-08,6,8,12,14,25,35,49
114000069,2025-07-11,15,16,26,34,48,49,46
114000070,2025-07-15,32,33,41,45,46,49,10
114000071,2025-07-18,2,25,36,37,38,46,24
114000072,2025-07-22,5,17,19,26,27,39,10
114000073,2025-07-25,2,4,23,35,41,47,6
114000074,2025-07-29,2,5,14,19,36,45,43
114000075,2025-08-01,4,14,19,28,40,41,31
114000076,2025-08-05,1,20,34,36,37,40,3
114000077,2025-08-08,11,16,17,21,24,29,34
114000078,2025-08-12,6,7,15,22,37,42,36
114000079,2025-08-15,3,5,7,15,17,47,34
114000080,2025-08-19,2,23,25,33,41,46,22
114000081,2025-08-22,23,33,38,43,45,47,36
114000082,2025-08-26,3,6,22,32,35,39,27
114000083,2025-08-29,13,20,25,27,28,32,2
114000084,2025-09-02,2,6,9,19,20,30,25
114000085,2025-09-05,10,13,14,17,19,29,40
114000086,2025-09-09,12,20,25,26,40,45,34
114000087,2025-09-12,2,3,4,11,15,41,26
114000088,2025-09-16,7,17,18,22,25,47,38
114000089,2025-09-19,14,17,26,36,38,41,8
114000090,2025-09-23,5,14,22,25,27,45,3
114000091,2025-09-26,1,2,25,29,41,49,35
114000092,2025-09-30,19,20,22,32,36,42,35
114000093,2025-10-03,4,18,36,40,41,43,29
114000094,2025-10-07,2,9,16,34,42,43,33
114000095,2025-10-10,13,16,18,22,39,42,30
114000096,2025-10-14,11,16,20,31,39,41,6
114000097,2025-10-17,3,15,16,31,32,45,42
114000098,2025-10-21,14,20,25,42,44,49,12
114000099,2025-10-24,13,22,23,33,39,40,31
114000100,2025-10-28,5,8,11,12,18,39,37
114000101,2025-10-31,3,4,7,10,18,21,15
114000102,2025-11-04,16,25,27,35,47,48,14
114000103,2025-11-07,4,11,22,32,33,41,43
114000104,2025-11-11,11,16,24,42,44,47,32
114000105,2025-11-14,21,25,26,38,41,46,4
114000106,2025-11-18,8,9,10,23,24,43,45
114000107,2025-11-21,14,20,21,28,31,46,37
114000108,2025-11-25,2,10,12,20,23,24,28
114000109,2025-11-28,8,12,18,28,37,46,34
114000110,2025-12-02,14,20,32,35,42,48,28
114000111,2025-12-05,8,15,23,24,41,47,2
114000112,2025-12-09,5,10,18,26,28,44,48
114000113,2025-12-12,15,17,24,26,40,47,33
114000114,2025-12-16,6,7,15,19,24,33,46
114000115,2025-12-19,6,8,11,12,18,46,37
114000116,2025-12-23,1,3,12,33,39,41,29
114000117,2025-12-26,5,7,9,14,17,30,47
114000118,2025-12-30,5,10,15,20,24,29,34
115000001,2026-01-02,3,7,16,19,40,42,12
115000002,2026-01-06,2,23,33,38,39,45,6
115000003,2026-01-09,1,7,13,14,34,45,8
115000004,2026-01-13,2,10,18,19,39,49,24
115000005,2026-01-16,9,10,21,22,25,36,20
115000006,2026-01-20,2,7,26,41,44,45,46
115000007,2026-01-23,21,23,32,36,39,43,12
115000008,2026-01-27,4,11,24,25,29,30,8
115000009,2026-01-30,9,13,27,31,32,39,19
115000010,2026-02-03,6,14,32,33,39,43,13
115000011,2026-02-06,4,12,24,25,39,48,9
115000012,2026-02-10,6,16,20,21,24,35,13
115000013,2026-02-12,1,3,8,15,20,48,46
115000014,2026-02-13,9,20,25,35,39,48,47
115000015,2026-02-14,1,11,22,35,36,40,28
115000016,2026-02-15,3,6,11,18,25,28,35
115000017,2026-02-16,11,16,18,27,38,46,43
115000018,2026-02-17,6,12,24,26,37,46,36
115000019,2026-02-18,16,35,36,37,39,49,45
115000020,2026-02-19,20,28,29,31,35,41,6
115000021,2026-02-20,13,15,18,24,33,49,10
115000022,2026-02-21,12,13,17,27,41,48,46
115000023,2026-02-22,5,7,17,22,24,47,20
115000024,2026-02-23,6,10,23,27,47,48,30
115000025,2026-02-24,12,19,22,27,28,31,45
115000026,2026-02-25,7,15,22,38,45,49,31
115000027,2026-02-26,1,16,22,24,47,48,7
115000028,2026-02-27,14,18,19,34,45,47,48
115000029,2026-02-28,17,23,30,37,39,49,43
115000030,2026-03-01,4,7,34,40,44,49,37
115000031,2026-03-02,19,25,27,28,33,39,37
115000032,2026-03-03,5,26,27,35,45,46,37
115000033,2026-03-06,9,11,12,14,23,25,42
115000034,2026-03-10,5,11,29,37,43,47,10
115000035,2026-03-13,5,12,13,38,47,48,3
115000036,2026-03-17,2,6,10,22,40,45,17
115000037,2026-03-20,11,15,33,38,41,43,21
115000038,2026-03-24,14,33,41,42,44,48,47
115000039,2026-03-27,4,8,23,26,29,36,38
115000040,2026-03-31,5,11,25,40,45,47,39
115000041,2026-04-03,5,12,13,25,36,48,8
115000042,2026-04-07,1,2,6,16,18,26,47
115000043,2026-04-10,4,10,15,17,21,40,30
115000044,2026-04-14,4,8,21,23,24,43,13
115000045,2026-04-17,7,10,11,22,40,45,18
115000046,2026-04-21,1,6,17,19,20,40,22
115000047,2026-04-24,7,14,16,37,39,47,34
115000048,2026-04-28,6,10,14,25,26,32,7
115000049,2026-05-01,7,22,27,35,43,48,45
115000050,2026-05-05,4,17,23,28,33,37,15
115000051,2026-05-08,10,18,25,28,39,43,48
115000052,2026-05-12,6,12,18,19,32,36,34
115000053,2026-05-15,16,29,30,35,42,43,1
115000054,2026-05-19,4,20,22,26,38,47,27
115000055,2026-05-22,12,13,16,21,28,48,30
115000056,2026-05-26,3,27,29,37,47,48,11
115000057,2026-05-29,20,26,29,31,37,49,30
115000058,2026-06-02,8,9,16,20,37,49,2
115000059,2026-06-05,12,14,25,30,32,44,34
115000060,2026-06-09,13,18,25,39,40,46,31
115000061,2026-06-12,1,6,16,20,34,49,3
115000062,2026-06-16,1,2,9,11,28,36,41
115000063,2026-06-19,4,12,28,29,35,48,38
115000064,2026-06-23,12,18,29,33,34,39,30
115000065,2026-06-26,11,19,23,24,29,41,1
115000066,2026-06-30,4,10,16,29,36,45,14
115000067,2026-07-03,11,16,19,23,39,47,15
115000068,2026-07-07,8,13,15,18,19,42,37
115000069,2026-07-10,3,4,15,18,29,49,13
115000070,2026-07-14,10,25,34,36,45,46,7
115000071,2026-07-17,1,6,12,14,17,26,24
